City,Country,Date,Latitude,Longitude,Cloudiness,Max_Temp,Humidity,Wind_Speed
methoni,GR,1564801495.0,36.82,21.7,0.0,78.01,83.0,9.17
karratha,AU,1564801524.0,-20.74,116.85,74.0,76.3,14.0,22.79
turukhansk,RU,1564801524.0,65.8,87.96,67.0,65.68,55.0,13.82
mikhaylovka,RU,1564801524.0,52.96,103.29,45.0,73.06,68.0,3.31
miri,NG,1564801525.0,10.31,9.75,100.0,69.46,95.0,3.94
yumen,CN,1564801525.0,40.29,97.04,26.0,86.92,16.0,4.45
rikitea,PF,1564801525.0,-23.12,-134.97,79.0,69.46,77.0,16.82
beringovskiy,RU,1564801526.0,63.05,179.32,100.0,44.26,89.0,8.01
punta arenas,CL,1564801526.0,-53.16,-70.91,90.0,39.2,86.0,16.11
kapaa,US,1564801526.0,22.08,-159.32,40.0,87.8,70.0,17.22
chimbote,PE,1564801527.0,-9.08,-78.59,0.0,60.28,91.0,12.33
brae,GB,1564801527.0,60.4,-1.35,57.0,53.6,93.0,3.36
sambava,MG,1564801527.0,-14.27,50.17,2.0,63.34,88.0,3.56
fairbanks,US,1564801473.0,64.84,-147.72,90.0,60.01,100.0,5.82
ucluelet,CA,1564801528.0,48.94,-125.55,0.0,66.99,84.0,11.63
bluff,AU,1564801528.0,-23.58,149.07,0.0,71.8,38.0,16.71
spiridonovka,RU,1564801528.0,53.09,50.65,40.0,55.4,82.0,4.47
taolanaro,,,,,,,,
elko,US,1564801529.0,40.83,-115.76,1.0,91.4,10.0,9.17
ghauspur,PK,1564801529.0,28.14,69.08,79.0,87.8,58.0,4.7
tiksi,RU,1564801529.0,71.64,128.87,0.0,48.22,59.0,10.58
puerto escondido,MX,1564801530.0,15.86,-97.07,75.0,80.6,78.0,4.9
severnyy,,,,,,,,
khani,GE,1564801530.0,41.96,42.96,75.0,66.2,93.0,4.7
faanui,PF,1564801531.0,-16.48,-151.75,22.0,79.0,82.0,12.24
mar del plata,AR,1564801531.0,-46.43,-67.52,100.0,42.28,73.0,15.9
sarkand,KZ,1564801531.0,45.41,79.91,16.0,94.48,14.0,5.59
saint-philippe,CA,1564801532.0,45.36,-73.48,1.0,73.99,93.0,3.36
davila,PH,1564801532.0,18.47,120.58,40.0,87.8,70.0,11.41
saleaula,,,,,,,,
hilo,US,1564801532.0,19.71,-155.08,90.0,82.4,74.0,8.05
abu zabad,SD,1564801533.0,12.35,29.25,80.0,79.9,57.0,4.68
arraial do cabo,BR,1564801533.0,-22.97,-42.02,91.0,71.98,89.0,23.8
attawapiskat,,,,,,,,
husavik,CA,1564801533.0,50.56,-96.99,0.0,73.99,68.0,0.78
gazalkent,UZ,1564801534.0,41.57,69.78,0.0,87.8,29.0,9.17
nikolskoye,RU,1564801534.0,59.7,30.79,90.0,53.6,81.0,8.95
merrill,US,1564801534.0,42.03,-121.6,1.0,77.0,22.0,14.99
port alfred,ZA,1564801535.0,-33.59,26.89,78.0,57.99,83.0,5.99
ushuaia,AR,1564801326.0,-54.81,-68.31,75.0,41.0,56.0,12.75
cheremukhovo,RU,1564801535.0,56.23,46.23,38.0,50.02,89.0,5.86
carnarvon,ZA,1564801535.0,-30.97,22.13,0.0,41.74,47.0,6.8
vaitupu,,,,,,,,
esperance,AU,1564801536.0,-33.86,121.89,100.0,64.4,31.0,21.92
lakatoro,VU,1564801536.0,-16.11,167.42,70.0,76.66,79.0,20.69
georgetown,GY,1564801530.0,6.8,-58.16,20.0,77.0,94.0,4.7
mulchen,CL,1564801537.0,-37.72,-72.23,95.0,36.7,97.0,3.83
dalvik,SE,1564801537.0,57.79,14.13,38.0,57.99,87.0,5.82
samusu,,,,,,,,
lesnoy,RU,1564801538.0,59.78,52.13,100.0,48.04,98.0,11.9
vila franca do campo,PT,1564801538.0,37.72,-25.43,75.0,68.0,82.0,3.36
hithadhoo,MV,1564801538.0,-0.6,73.08,98.0,84.58,75.0,16.26
busselton,AU,1564801538.0,-33.64,115.35,0.0,66.99,54.0,17.13
hobart,AU,1564801539.0,-42.88,147.33,40.0,51.8,50.0,20.8
nortelandia,BR,1564801539.0,-14.45,-56.8,98.0,67.12,43.0,12.68
ruatoria,,,,,,,,
agadez,NE,1564801540.0,16.97,7.99,100.0,86.92,50.0,12.19
tocopilla,CL,1564801540.0,-22.09,-70.2,25.0,55.96,82.0,5.88
barcelos,BR,1564801540.0,-0.97,-62.93,4.0,74.14,89.0,1.25
nanortalik,GL,1564801541.0,60.14,-45.24,99.0,47.32,72.0,2.57
namatanai,PG,1564801541.0,-3.66,152.44,91.0,80.26,81.0,11.41
ancud,CL,1564801541.0,-41.87,-73.83,90.0,44.6,100.0,9.17
zhangjiakou,CN,1564801541.0,40.77,114.88,67.0,70.36,58.0,7.45
longyearbyen,NO,1564801542.0,78.22,15.63,40.0,46.4,75.0,1.12
hermanus,ZA,1564801542.0,-34.42,19.24,0.0,51.01,95.0,1.99
rognan,NO,1564801542.0,67.1,15.4,90.0,54.0,71.0,3.36
new norfolk,AU,1564801543.0,-42.78,147.06,40.0,51.8,50.0,20.8
klaksvik,FO,1564801543.0,62.23,-6.59,100.0,51.8,100.0,1.12
pevek,RU,1564801543.0,69.7,170.27,100.0,30.22,96.0,10.47
gao,ML,1564801544.0,16.28,-0.04,52.0,88.0,40.0,10.16
labuhan,ID,1564801544.0,-2.54,115.51,48.0,87.82,44.0,2.75
mataura,NZ,1564801544.0,-46.19,168.86,100.0,53.01,70.0,10.0
koutiala,ML,1564801544.0,12.39,-5.46,100.0,74.5,90.0,6.76
butaritari,KI,1564801545.0,3.07,172.79,100.0,84.4,64.0,6.89
opuwo,NA,1564801545.0,-18.06,13.84,6.0,47.32,70.0,1.61
zhoucheng,CN,1564801545.0,31.35,119.33,40.0,91.4,59.0,11.18
provideniya,RU,1564801546.0,64.42,-173.23,100.0,44.08,96.0,7.36
ortakoy,TR,1564801546.0,38.74,34.04,0.0,64.4,59.0,2.66
tuktoyaktuk,CA,1564801546.0,69.44,-133.03,40.0,59.0,54.0,9.17
male,UA,1564801547.0,50.74,33.7,0.0,48.76,94.0,3.58
ponta do sol,BR,1564801547.0,-20.63,-46.0,94.0,66.22,53.0,1.74
byron bay,AU,1564801547.0,-28.65,153.62,40.0,70.0,49.0,6.93
dingtao,CN,1564801548.0,35.07,115.56,5.0,88.72,62.0,7.78
bodden town,KY,1564801548.0,19.28,-81.25,0.0,82.4,83.0,10.65
mys shmidta,,,,,,,,
thompson,CA,1564801548.0,55.74,-97.86,75.0,71.6,46.0,5.82
saldanha,PT,1564801549.0,41.42,-6.55,0.0,65.68,57.0,3.11
clyde river,CA,1564801549.0,70.47,-68.59,90.0,46.4,87.0,16.11
russell,US,1564801449.0,38.9,-98.86,75.0,77.0,78.0,10.29
loon,NL,1564801550.0,53.01,6.61,90.0,64.4,88.0,6.93
albany,US,1564801550.0,42.65,-73.75,75.0,73.99,64.0,3.36
beyla,GN,1564801551.0,8.69,-8.65,100.0,68.0,98.0,2.62
yulara,AU,1564801551.0,-25.24,130.99,0.0,60.8,36.0,18.34
lebu,ET,1564801551.0,8.96,38.73,75.0,57.2,87.0,1.25
cockburn town,TC,1564801552.0,21.46,-71.14,0.0,83.32,78.0,19.71
yar-sale,RU,1564801552.0,66.83,70.83,93.0,57.4,90.0,18.41
hasaki,JP,1564801552.0,35.73,140.83,40.0,99.0,70.0,4.7
caravelas,BR,1564801552.0,-17.73,-39.27,0.0,68.56,85.0,7.94
xuddur,SO,1564801553.0,4.12,43.89,52.0,73.24,76.0,19.73
concarneau,FR,1564801553.0,47.88,-3.92,0.0,57.99,93.0,3.36
vao,EE,1564801553.0,59.1,26.19,27.0,52.54,86.0,7.58
port elizabeth,US,1564801554.0,39.31,-74.98,1.0,75.99,94.0,3.49
jumla,NP,1564801554.0,29.28,82.18,100.0,56.68,96.0,0.51
linxia,CN,1564801554.0,35.6,103.21,0.0,68.38,45.0,4.29
hirara,JP,1564801555.0,24.8,125.28,75.0,89.6,79.0,10.29
illoqqortoormiut,,,,,,,,
cape town,ZA,1564801432.0,-33.93,18.42,20.0,53.01,93.0,3.36
ngunguru,NZ,1564801555.0,-35.62,174.5,87.0,59.0,68.0,15.01
avarua,CK,1564801556.0,-21.21,-159.78,0.0,78.8,69.0,4.7
norman wells,CA,1564801556.0,65.28,-126.83,75.0,64.4,52.0,6.93
north bend,US,1564801303.0,43.41,-124.22,90.0,69.01,100.0,6.93
jamestown,AU,1564801556.0,-33.21,138.6,4.0,57.4,57.0,1.77
juneau,US,1564801518.0,58.3,-134.42,90.0,69.8,52.0,5.82
gudur,IN,1564801557.0,14.15,79.85,75.0,84.2,62.0,6.93
livingston,US,1564801557.0,32.58,-88.19,40.0,75.2,88.0,4.07
marystown,CA,1564801557.0,47.17,-55.16,5.0,59.92,91.0,11.1
lokosovo,RU,1564801558.0,61.13,74.84,35.0,64.96,77.0,13.38
bosaso,SO,1564801558.0,11.28,49.18,100.0,89.26,64.0,7.56
bethel,US,1564801353.0,60.79,-161.76,90.0,62.6,100.0,27.51
puerto ayora,EC,1564801559.0,-0.74,-90.35,45.0,66.99,95.0,5.01
plettenberg bay,ZA,1564801559.0,-34.05,23.37,0.0,51.1,81.0,4.27
karauzyak,,,,,,,,
qaanaaq,GL,1564801559.0,77.48,-69.36,1.0,40.48,71.0,2.21
robat karim,IR,1564801560.0,35.49,51.08,0.0,80.6,53.0,23.04
chapais,CA,1564801560.0,49.78,-74.86,90.0,59.0,100.0,5.82
kavieng,PG,1564801560.0,-2.57,150.8,79.0,82.78,76.0,13.44
portland,US,1564800690.0,43.66,-70.25,1.0,70.0,68.0,5.82
antalaha,MG,1564801561.0,-14.9,50.28,13.0,60.1,96.0,3.87
andros town,BS,1564801561.0,24.73,-77.79,75.0,84.2,79.0,4.7
sentyabrskiy,,,,,,,,
talnakh,RU,1564801562.0,69.49,88.39,0.0,68.0,52.0,8.95
namtsy,RU,1564801562.0,62.72,129.66,75.0,55.4,93.0,6.71
kargasok,RU,1564801562.0,59.06,80.87,83.0,70.0,72.0,8.08
mount gambier,AU,1564801563.0,-37.83,140.78,90.0,53.6,81.0,9.17
utiroa,,,,,,,,
zyryanka,RU,1564801563.0,65.73,150.89,100.0,56.68,45.0,8.88
pemberton,AU,1564801564.0,-34.44,116.03,0.0,66.99,77.0,5.01
kaitangata,NZ,1564801564.0,-46.28,169.85,100.0,53.01,60.0,4.0
la gomera,GT,1564801564.0,14.09,-91.05,33.0,83.5,77.0,7.61
barentsburg,,,,,,,,
codrington,AU,1564801565.0,-28.95,153.24,0.0,69.01,59.0,6.93
lucapa,AO,1564801565.0,-8.42,20.74,0.0,60.46,20.0,2.24
santiago del estero,AR,1564801565.0,-27.8,-64.26,0.0,50.2,32.0,4.7
katsuura,JP,1564801566.0,33.93,134.5,20.0,87.8,79.0,10.29
rusne,LT,1564801566.0,55.3,21.38,0.0,50.0,93.0,7.4
ostrovnoy,RU,1564801566.0,68.05,39.51,100.0,39.94,94.0,19.17
fortuna,US,1564801567.0,40.6,-124.16,1.0,66.0,88.0,11.41
emba,CY,1564801567.0,34.81,32.42,0.0,75.2,83.0,5.82
xining,CN,1564801567.0,36.62,101.77,39.0,62.08,52.0,4.56
ketchikan,US,1564801567.0,55.34,-131.65,1.0,71.6,60.0,17.22
porto belo,BR,1564801568.0,-27.15,-48.54,90.0,55.0,76.0,10.29
iqaluit,CA,1564801568.0,63.75,-68.52,90.0,42.8,93.0,8.05
alice springs,AU,1564801568.0,-23.7,133.88,0.0,60.8,38.0,12.75
anadyr,RU,1564801569.0,64.73,177.51,90.0,46.4,93.0,8.95
lorengau,PG,1564801569.0,-2.02,147.27,100.0,81.88,81.0,8.12
port lincoln,AU,1564801569.0,-34.72,135.86,99.0,56.5,64.0,5.66
whitehorse,CA,1564801570.0,60.72,-135.06,75.0,70.0,40.0,2.24
seymchan,RU,1564801570.0,62.93,152.39,100.0,51.64,60.0,11.61
bintulu,MY,1564801570.0,3.17,113.03,75.0,87.8,74.0,3.36
atuona,PF,1564801571.0,-9.8,-139.03,75.0,80.44,70.0,17.63
punta alta,AR,1564801571.0,-27.46,-55.82,0.0,50.0,61.0,5.82
vaini,IN,1564801571.0,15.34,74.49,75.0,71.6,94.0,16.11
louisbourg,,,,,,,,
baboua,,,,,,,,
hualmay,PE,1564801572.0,-11.1,-77.61,0.0,59.56,88.0,12.46
barrow,AR,1564801572.0,-38.31,-60.23,0.0,39.94,85.0,7.38
ambulu,ID,1564801572.0,-8.35,113.61,2.0,73.6,85.0,10.96
mier,IT,1564801573.0,46.13,12.19,0.0,66.2,93.0,3.36
dikson,RU,1564801573.0,73.51,80.55,100.0,39.22,92.0,14.29
aykhal,RU,1564801573.0,65.95,111.51,90.0,50.0,93.0,6.71
chokurdakh,RU,1564801574.0,70.62,147.9,0.0,54.88,43.0,8.37
camacupa,AO,1564801574.0,-12.02,17.48,0.0,50.92,25.0,0.58
george town,MY,1564801574.0,5.42,100.33,75.0,87.8,62.0,5.82
golpayegan,IR,1564801575.0,33.46,50.29,0.0,71.26,24.0,2.15
tymovskoye,RU,1564801575.0,50.85,142.66,91.0,64.06,72.0,6.58
hot springs,US,1564801575.0,34.5,-93.06,1.0,82.4,94.0,1.97
atikokan,CA,1564801575.0,48.76,-91.62,4.0,66.76,70.0,5.75
mangai,CD,1564801576.0,-4.07,19.59,80.0,73.96,71.0,1.54
mahebourg,MU,1564801430.0,-20.41,57.7,75.0,66.99,93.0,11.41
ikungi,TZ,1564801576.0,-5.13,34.77,1.0,59.38,82.0,7.96
dargaville,NZ,1564801577.0,-35.94,173.86,87.0,57.22,69.0,27.22
belushya guba,,,,,,,,
kibre mengist,ET,1564801577.0,5.87,38.99,100.0,53.8,97.0,1.32
iracoubo,GF,1564801577.0,5.48,-53.21,100.0,75.58,91.0,5.75
grand-lahou,CI,1564801578.0,5.24,-5.0,100.0,71.44,91.0,3.27
toamasina,MG,1564801558.0,-18.17,49.38,75.0,68.0,94.0,4.7
nome,US,1564801578.0,30.04,-94.42,1.0,84.0,88.0,5.14
narasannapeta,IN,1564801578.0,18.42,84.04,100.0,74.68,93.0,8.43
bambous virieux,MU,1564801579.0,-20.34,57.76,75.0,66.99,93.0,11.41
grand gaube,MU,1564801579.0,-20.01,57.66,75.0,66.99,93.0,11.41
vestmannaeyjar,IS,1564801579.0,63.44,-20.27,27.0,53.44,91.0,1.05
mastic beach,US,1564801346.0,40.77,-72.85,1.0,77.0,73.0,3.36
saskylakh,RU,1564801580.0,71.97,114.09,0.0,68.2,32.0,5.23
saint george,GR,1564801580.0,39.45,22.34,0.0,71.6,83.0,1.16
kruisfontein,ZA,1564801580.0,-34.0,24.73,0.0,49.48,89.0,7.94
tuatapere,NZ,1564801581.0,-46.13,167.69,100.0,53.01,70.0,10.0
upernavik,GL,1564801581.0,72.79,-56.15,27.0,46.06,72.0,6.73
castro,CL,1564801504.0,-42.48,-73.76,90.0,44.6,100.0,9.17
sorland,NO,1564801581.0,67.67,12.69,92.0,50.74,85.0,16.51
nantucket,US,1564801357.0,41.28,-70.1,1.0,69.01,88.0,3.36
pandan,PH,1564801582.0,11.72,122.09,100.0,81.34,80.0,19.64
kahului,US,1564801338.0,20.89,-156.47,20.0,80.6,78.0,9.17
vila,IT,1564801582.0,45.18,8.4,0.0,70.0,77.0,8.05
geraldton,CA,1564801464.0,49.72,-86.95,20.0,68.0,64.0,5.82
aras,ES,1564801583.0,42.56,-2.36,0.0,60.8,87.0,2.1
bolshaya irba,,,,,,,,
sotnikovo,RU,1564801583.0,51.88,107.48,80.0,73.4,64.0,2.24
torbay,CA,1564801584.0,47.66,-52.73,5.0,66.0,72.0,17.22
nouadhibou,MR,1564801584.0,20.93,-17.03,21.0,68.0,82.0,17.22
schoneiche,DE,1564801584.0,52.47,13.68,86.0,63.0,100.0,2.24
cranbrook,CA,1564801585.0,49.51,-115.76,75.0,78.8,27.0,6.93
alenquer,BR,1564801585.0,-1.95,-54.74,0.0,77.0,100.0,3.36
nizwa,OM,1564801585.0,22.93,57.53,99.0,86.74,35.0,2.66
yerbogachen,RU,1564801585.0,61.28,108.01,100.0,60.46,74.0,2.62
ankang,CN,1564801586.0,32.73,108.99,100.0,71.62,96.0,1.1
yatou,CM,1564801586.0,3.63,9.81,100.0,78.1,83.0,14.79
conceicao da barra,BR,1564801586.0,-18.59,-39.73,0.0,65.32,89.0,3.8
tura,RU,1564801587.0,64.27,100.22,71.0,58.3,63.0,11.12
kavaratti,IN,1564801587.0,10.57,72.64,100.0,82.78,80.0,17.49
santo antonio do ica,BR,1564801587.0,-3.1,-67.94,100.0,73.24,96.0,1.83
tumannyy,,,,,,,,
ulaanbaatar,MN,1564801418.0,47.92,106.92,20.0,78.8,36.0,8.95
lavrentiya,RU,1564801588.0,65.58,-170.99,100.0,43.72,97.0,10.6
yellowknife,CA,1564801588.0,62.45,-114.38,75.0,62.6,77.0,9.17
fort nelson,CA,1564801589.0,58.81,-122.69,40.0,75.2,41.0,5.82
sitka,US,1564801589.0,37.17,-99.65,4.0,82.0,72.0,13.0
bonavista,CA,1564801589.0,48.65,-53.11,12.0,64.99,78.0,11.99
san patricio,PY,1564801589.0,-26.98,-56.83,0.0,44.44,77.0,2.8
ouargaye,BF,1564801590.0,11.5,0.06,36.0,74.32,87.0,10.29
gambela,ET,1564801590.0,8.25,34.59,99.0,69.28,63.0,3.76
hamilton,CA,1564801466.0,43.26,-79.87,20.0,71.01,63.0,4.23
privokzalnyy,,,,,,,,
port macquarie,AU,1564801591.0,-31.43,152.91,0.0,73.0,45.0,5.82
meulaboh,ID,1564801591.0,4.14,96.13,99.0,82.24,75.0,8.34
davidson,CA,1564801591.0,51.26,-105.98,0.0,82.99,51.0,1.99
sao filipe,CV,1564801592.0,14.9,-24.5,0.0,74.14,86.0,17.29
willmar,US,1564801578.0,45.12,-95.04,75.0,75.2,78.0,3.11
san quintin,PH,1564801592.0,17.54,120.52,100.0,73.96,98.0,2.55
dudinka,RU,1564801592.0,69.41,86.18,0.0,68.0,52.0,8.95
ibra,OM,1564801593.0,22.69,58.55,69.0,86.02,40.0,5.35
astoria,US,1564801502.0,46.19,-123.83,1.0,69.01,77.0,8.05
kazalinsk,,,,,,,,
koluszki,PL,1564801593.0,51.74,19.82,0.0,59.0,93.0,1.12
komsomolskiy,RU,1564801594.0,67.55,63.78,100.0,60.28,81.0,18.61
atasu,KZ,1564801594.0,48.68,71.64,11.0,68.92,29.0,7.58
berdigestyakh,RU,1564801594.0,62.1,126.7,100.0,53.26,98.0,7.76
roald,NO,1564801595.0,62.58,6.12,100.0,57.2,82.0,11.41
sarangani,PH,1564801595.0,5.4,125.46,98.0,82.6,75.0,12.88
agidel,RU,1564801595.0,55.9,53.94,100.0,52.36,92.0,12.3
umm ruwabah,,,,,,,,
port-gentil,GA,1564801596.0,-0.72,8.78,61.0,74.32,85.0,14.25
muisne,EC,1564801596.0,0.61,-80.02,33.0,74.32,86.0,15.39
karoi,ZW,1564801596.0,-16.82,29.68,92.0,60.1,75.0,12.37
biak,ID,1564801597.0,-0.91,122.88,100.0,63.34,91.0,6.17
boende,CD,1564801597.0,-0.28,20.88,100.0,71.44,94.0,0.83
leningradskiy,RU,1564801597.0,69.38,178.42,98.0,33.82,90.0,13.82
praia da vitoria,PT,1564801598.0,38.73,-27.07,20.0,66.2,88.0,14.29
senno,RU,1564801598.0,57.76,27.95,68.0,53.6,93.0,6.71
bredasdorp,ZA,1564801598.0,-34.53,20.04,2.0,50.0,93.0,2.24
shenxian,CN,1564801598.0,36.24,115.67,89.0,84.76,62.0,8.5
kirkuk,IQ,1564801599.0,35.47,44.4,0.0,80.98,41.0,4.45
tshikapa,CD,1564801599.0,-6.42,20.79,71.0,68.92,31.0,2.28
rocha,UY,1564801599.0,-34.48,-54.34,47.0,42.64,81.0,11.32
khatanga,RU,1564801600.0,71.98,102.47,56.0,71.26,32.0,9.35
souillac,FR,1564801600.0,45.6,-0.6,0.0,64.0,93.0,1.12
san cristobal,HN,1564801600.0,14.68,-86.92,100.0,69.1,89.0,3.8
filadelfia,PY,1564801601.0,-22.35,-60.04,0.0,50.74,40.0,6.71
tezu,IN,1564801601.0,27.93,96.16,100.0,82.42,78.0,1.63
marienburg,DE,1564801601.0,52.12,9.98,75.0,63.0,100.0,3.36
aksu,KZ,1564801602.0,52.04,76.93,0.0,68.0,56.0,13.42
samalaeulu,,,,,,,,
palabuhanratu,,,,,,,,
faya,SA,1564801602.0,18.39,42.45,0.0,68.0,77.0,1.57
hoquiam,US,1564801602.0,46.98,-123.89,1.0,73.0,72.0,12.75
thinadhoo,MV,1564801603.0,0.53,72.93,100.0,83.86,78.0,15.7
lompoc,US,1564801388.0,34.64,-120.46,90.0,73.0,93.0,9.17
antofagasta,CL,1564801603.0,-23.65,-70.4,90.0,55.4,76.0,8.05
matinha,BR,1564801604.0,-3.1,-45.04,0.0,72.52,97.0,4.38
cherskiy,RU,1564801604.0,68.75,161.3,0.0,42.64,55.0,21.21
eureka,US,1564801447.0,40.8,-124.16,1.0,66.0,82.0,8.05
kieta,PG,1564801604.0,-6.22,155.63,28.0,81.88,76.0,17.36
chuy,UY,1564801605.0,-33.69,-53.46,100.0,48.04,73.0,13.98
muros,ES,1564801605.0,42.77,-9.06,90.0,64.0,100.0,3.36
kodiak,US,1564801605.0,39.95,-94.76,40.0,75.2,88.0,5.82
tasiilaq,GL,1564801606.0,65.61,-37.64,27.0,41.0,93.0,8.05
artyk,,,,,,,,
povenets,RU,1564801606.0,62.85,34.83,100.0,45.16,93.0,9.19
iralaya,HN,1564801606.0,15.0,-83.23,0.0,77.38,93.0,2.26
buenaventura,CO,1564801607.0,3.89,-77.07,100.0,79.0,84.0,10.04
kano,NG,1564801607.0,11.99,8.53,98.0,72.52,77.0,7.18
zhuhai,CN,1564801607.0,40.71,112.04,0.0,78.8,50.0,4.47
tautira,PF,1564801608.0,-17.73,-149.15,20.0,82.4,69.0,12.75
aberdeen,US,1564801608.0,46.98,-123.82,1.0,75.2,72.0,12.75
udachnyy,RU,1564801608.0,66.42,112.4,90.0,50.0,93.0,6.71
kununurra,AU,1564801609.0,-15.77,128.74,27.0,77.0,22.0,13.87
nanfeng,CN,1564801609.0,27.22,116.52,0.0,87.82,54.0,3.87
kirakira,SB,1564801609.0,-10.46,161.92,76.0,81.52,81.0,13.89
kidal,ML,1564801609.0,18.44,1.41,54.0,89.8,35.0,21.07
le port,FR,1564801610.0,42.87,1.37,0.0,64.99,61.0,1.99
hvide sande,DK,1564801610.0,56.01,8.13,13.0,59.0,100.0,2.24
victoria,BN,1564801569.0,5.28,115.24,75.0,87.8,74.0,3.36
ponazyrevo,RU,1564801610.0,58.36,46.31,71.0,44.8,96.0,7.38
lyndon,US,1564801611.0,38.61,-95.68,90.0,77.0,94.0,5.82
alotau,,,,,,,,
pinega,RU,1564801611.0,64.7,43.39,100.0,42.82,89.0,12.08
bogorodskoye,RU,1564801612.0,52.37,140.44,95.0,70.9,59.0,2.82
jinxiang,CN,1564801612.0,35.07,116.31,68.0,88.18,69.0,6.49
bangui,CF,1564801612.0,4.39,18.55,40.0,77.0,94.0,2.28
ponta delgada,PT,1564801316.0,37.73,-25.67,75.0,68.0,82.0,3.36
abbeville,FR,1564801613.0,50.11,1.83,75.0,61.0,93.0,6.2
warri,NG,1564801613.0,5.52,5.75,100.0,73.96,94.0,8.86
binzhou,CN,1564801613.0,37.38,117.96,97.0,89.01,65.0,4.03
honiara,SB,1564801614.0,-9.43,159.96,75.0,86.0,74.0,17.22
paamiut,GL,1564801614.0,61.99,-49.67,96.0,43.54,76.0,12.17
challakere,IN,1564801614.0,14.31,76.65,100.0,73.96,71.0,25.95
luderitz,NA,1564801614.0,-26.65,15.16,0.0,46.4,87.0,4.7
kandrian,PG,1564801615.0,-6.21,149.55,96.0,77.56,90.0,10.47
tilichiki,RU,1564801615.0,60.47,166.1,100.0,63.16,46.0,8.34
boyolangu,ID,1564801615.0,-8.09,111.9,0.0,77.56,57.0,10.16
esso,RU,1564801616.0,55.93,158.7,100.0,53.44,84.0,1.77
salas,PE,1564801616.0,-6.27,-79.61,0.0,66.2,29.0,13.87
celestun,MX,1564801616.0,20.87,-90.4,0.0,82.96,82.0,11.07
coihaique,CL,1564801617.0,-45.58,-72.07,100.0,44.6,81.0,4.7
planadas,CO,1564801617.0,3.2,-75.65,20.0,86.0,42.0,2.24
azimur,,,,,,,,
xichang,CN,1564801617.0,27.88,102.25,100.0,63.16,92.0,2.04
pisco,PE,1564801618.0,-13.71,-76.2,90.0,60.8,82.0,8.05
ilulissat,GL,1564801479.0,69.22,-51.1,90.0,41.0,100.0,2.08
tabulbah,,,,,,,,
bargal,,,,,,,,
shimoda,JP,1564801619.0,34.7,138.93,20.0,91.99,79.0,11.41
general roca,AR,1564801619.0,-39.03,-67.58,0.0,44.6,48.0,4.7
lloydminster,CA,1564801619.0,53.28,-110.01,20.0,77.0,69.0,5.82
saint-leu,RE,1564801620.0,-21.15,55.28,0.0,68.0,59.0,9.17
glassboro,US,1564801407.0,39.7,-75.11,1.0,75.99,88.0,8.05
nizhneyansk,,,,,,,,
mitsamiouli,KM,1564801620.0,-11.38,43.28,36.0,77.38,74.0,4.34
lac du bonnet,CA,1564801621.0,50.25,-96.06,0.0,73.0,67.0,2.06
salalah,OM,1564801621.0,17.01,54.1,90.0,77.0,100.0,4.7
yilan,CN,1564801621.0,43.11,129.52,100.0,80.08,58.0,3.33
chitral,PK,1564801621.0,35.85,71.79,0.0,48.76,37.0,7.67
kiruna,SE,1564801622.0,67.86,20.23,63.0,41.0,86.0,3.36
bolungarvik,,,,,,,,
newport,GB,1564801622.0,51.59,-3.0,20.0,62.01,87.0,9.17
hope,US,1564801428.0,33.67,-93.59,1.0,82.0,94.0,3.24
goure,NE,1564801623.0,13.98,10.27,81.0,79.9,60.0,6.96
ambanja,MG,1564801623.0,-13.68,48.45,76.0,76.48,76.0,3.36
rabo de peixe,PT,1564801623.0,37.8,-25.58,20.0,66.2,82.0,4.7
mayor pablo lagerenza,PY,1564801624.0,-19.93,-60.77,100.0,56.5,35.0,3.36
flinders,AU,1564801624.0,-34.58,150.85,0.0,66.99,33.0,8.05
lagoa,PT,1564801624.0,37.14,-8.45,0.0,68.0,77.0,3.36
ribeira grande,PT,1564801624.0,38.52,-28.7,40.0,71.6,73.0,5.82
jurado,,,,,,,,
raudeberg,NO,1564801625.0,61.99,5.14,0.0,55.4,82.0,3.36
kamaishi,JP,1564801625.0,39.28,141.86,40.0,87.8,58.0,4.7
zhitikara,,,,,,,,
cagayan de tawi-tawi,,,,,,,,
yashkino,RU,1564801626.0,55.87,85.43,20.0,71.6,78.0,6.71
hami,CN,1564801626.0,42.84,93.51,0.0,89.44,18.0,6.26
thibodaux,US,1564801431.0,29.8,-90.82,1.0,81.0,78.0,1.07
burkhala,,,,,,,,
ouahigouya,BF,1564801627.0,13.58,-2.42,100.0,80.62,72.0,10.56
east london,ZA,1564801627.0,-33.02,27.91,81.0,56.5,75.0,11.12
grand centre,,,,,,,,
makakilo city,US,1564801628.0,21.35,-158.09,75.0,91.4,49.0,8.05
ahipara,NZ,1564801628.0,-35.17,173.16,92.0,57.0,98.0,1.99
tromso,NO,1564801423.0,69.65,18.96,21.0,46.0,93.0,6.93
laguna,BZ,1564801629.0,16.17,-88.94,20.0,80.6,88.0,1.61
isabela,PH,1564801629.0,10.2,122.99,100.0,81.52,81.0,20.2
half moon bay,US,1564801629.0,37.46,-122.43,90.0,71.6,93.0,6.93
shieli,KZ,1564801629.0,44.18,66.74,0.0,75.04,20.0,9.82
bengkulu,,,,,,,,
teruel,ES,1564801630.0,40.34,-1.11,0.0,68.0,67.0,2.24
auki,NG,1564801630.0,12.18,6.51,68.0,70.9,87.0,8.43
saint-pierre,FR,1564801631.0,48.95,4.24,0.0,57.2,93.0,2.24
douglas,US,1564801631.0,58.28,-134.39,90.0,69.8,52.0,5.82
vincennes,FR,1564801631.0,48.85,2.44,0.0,63.0,82.0,8.05
sobolevo,RU,1564801632.0,54.43,31.9,71.0,48.04,96.0,5.82
azle,US,1564801632.0,32.9,-97.55,75.0,89.6,52.0,12.75
bababe,,,,,,,,
lolua,,,,,,,,
amahai,ID,1564801633.0,-3.31,129.0,17.0,77.02,80.0,12.64
kabugao,PH,1564801633.0,18.02,121.18,91.0,70.54,97.0,4.45
coquimbo,CL,1564801633.0,-29.95,-71.34,0.0,50.0,71.0,9.89
hagerstown,US,1564801540.0,39.64,-77.72,1.0,75.2,83.0,3.83
sao miguel do araguaia,BR,1564801399.0,-13.28,-50.16,36.0,73.96,39.0,2.82
saint-augustin,CA,1564801634.0,45.63,-73.98,20.0,73.99,77.0,2.24
nishihara,JP,1564801634.0,35.74,139.53,20.0,97.0,66.0,14.99
durusu,TR,1564801635.0,37.53,40.83,0.0,87.8,77.0,3.36
sherbrooke,CA,1564801530.0,45.4,-71.89,1.0,64.0,93.0,3.36
itapua poty,,,,,,,,
cururupu,BR,1564801635.0,-1.82,-44.87,52.0,72.88,98.0,2.17
podyuga,RU,1564801636.0,61.09,40.86,100.0,44.08,98.0,6.67
yarada,IN,1564801636.0,17.65,83.27,75.0,82.4,69.0,13.87
taltal,CL,1564801636.0,-25.41,-70.49,0.0,55.42,34.0,4.21
mergui,,,,,,,,
verkhnyaya inta,RU,1564801637.0,65.99,60.32,92.0,58.84,90.0,15.32
maragogi,BR,1564801477.0,-9.01,-35.22,4.0,67.48,93.0,2.86
sembe,,,,,,,,
belaya gora,RU,1564801638.0,68.54,146.19,0.0,61.72,33.0,7.38
santa isabel,MX,1564801638.0,32.63,-115.58,1.0,107.6,14.0,11.41
guines,FR,1564801638.0,48.08,-1.34,100.0,60.01,93.0,2.24
inuvik,CA,1564801638.0,68.36,-133.71,40.0,62.6,48.0,9.17
progreso,UY,1564801639.0,-34.68,-56.22,0.0,48.2,66.0,6.93
odweyne,,,,,,,,
karlshamn,SE,1564801639.0,56.17,14.86,72.0,59.0,100.0,1.12
barth,DE,1564801639.0,54.37,12.73,40.0,57.2,93.0,2.24
srednekolymsk,RU,1564801640.0,67.46,153.71,0.0,57.22,43.0,11.12
tessalit,ML,1564801640.0,20.2,1.01,13.0,94.12,15.0,5.26
hovd,NO,1564801640.0,63.83,10.7,75.0,55.4,76.0,8.05
vardo,US,1564801641.0,39.62,-77.74,1.0,75.99,83.0,3.36
mahanoro,MG,1564801641.0,-19.9,48.8,57.0,61.9,93.0,2.04
christchurch,NZ,1564801392.0,-43.53,172.64,2.0,57.0,50.0,11.41
touros,BR,1564801642.0,-5.2,-35.46,40.0,71.6,100.0,2.24
baringo,KE,1564801642.0,0.47,35.97,3.0,53.26,86.0,2.93
coahuayana,MX,1564801642.0,18.62,-100.35,18.0,75.04,84.0,2.91
beyneu,KZ,1564801642.0,45.32,55.19,67.0,70.18,39.0,4.56
baker city,US,1564801578.0,44.77,-117.83,1.0,81.0,44.0,14.99
abu kamal,SY,1564801643.0,34.45,40.92,0.0,77.38,54.0,24.63
carlyle,CA,1564801643.0,49.63,-102.27,1.0,78.8,57.0,8.05
omsukchan,RU,1564801644.0,62.53,155.8,100.0,41.92,89.0,2.35
hofn,IS,1564801389.0,64.25,-15.21,1.0,43.72,71.0,3.38
grindavik,IS,1564801644.0,63.84,-22.43,75.0,53.6,100.0,2.24
amderma,,,,,,,,
aklavik,CA,1564801645.0,68.22,-135.01,40.0,62.6,48.0,9.17
plouzane,FR,1564801645.0,48.38,-4.62,90.0,61.0,100.0,2.24
naze,NG,1564801645.0,5.43,7.07,100.0,71.98,98.0,4.0
isangel,VU,1564801646.0,-19.55,169.27,40.0,75.2,60.0,11.41
lisakovsk,KZ,1564801646.0,52.55,62.49,0.0,58.84,70.0,17.87
montepuez,MZ,1564801646.0,-13.13,39.0,0.0,65.14,89.0,0.98
tashla,RU,1564801646.0,53.71,49.75,40.0,55.4,82.0,4.47
grand river south east,,,,,,,,
monywa,MM,1564801647.0,22.12,95.13,100.0,81.16,80.0,6.53
okato,NZ,1564801647.0,-39.19,173.88,0.0,55.99,62.0,8.99
walajapet,IN,1564801647.0,12.92,79.37,100.0,80.62,57.0,17.02
mocuba,MZ,1564801648.0,-16.84,36.99,81.0,67.12,97.0,1.88
oranjemund,ZA,1564801648.0,-28.55,16.43,0.0,55.24,86.0,11.99
san rafael,AR,1564801648.0,-34.61,-68.33,0.0,45.16,27.0,7.18
macaboboni,,,,,,,,
tiarei,PF,1564801649.0,-17.53,-149.33,20.0,82.4,69.0,12.75
pizarro,CO,1564801649.0,4.95,-77.37,100.0,79.36,85.0,11.12
sisimiut,GL,1564801649.0,66.94,-53.67,45.0,44.26,81.0,10.42
cabo san lucas,MX,1564801431.0,22.89,-109.91,20.0,89.6,43.0,5.82
sao joao da barra,BR,1564801628.0,-21.64,-41.05,63.0,67.48,88.0,2.71
moberly,US,1564801650.0,39.42,-92.44,1.0,75.0,69.0,6.93
calvinia,ZA,1564801650.0,-31.47,19.78,0.0,38.14,79.0,2.89
otradinskiy,,,,,,,,
sheregesh,RU,1564801651.0,52.93,87.98,0.0,80.8,49.0,4.43
raton,US,1564801651.0,36.9,-104.44,20.0,66.99,63.0,13.87
filingue,NE,1564801652.0,14.35,3.32,100.0,83.5,60.0,13.87
okhotsk,RU,1564801652.0,59.36,143.24,82.0,61.72,75.0,7.63
dingle,PH,1564801652.0,11.0,122.67,100.0,81.7,79.0,13.44
marzuq,YE,1564801652.0,14.4,46.47,100.0,73.06,58.0,6.8
wahran,,,,,,,,
orta nova,IT,1564801653.0,41.33,15.71,40.0,79.0,88.0,12.75
verkhoyansk,RU,1564801653.0,67.55,133.39,0.0,63.52,30.0,7.09
santa maria,BR,1564801654.0,-16.02,-48.01,0.0,69.8,49.0,2.24
uvinza,TZ,1564801654.0,-5.1,30.39,75.0,69.82,67.0,4.47
kaeo,NZ,1564801654.0,-35.1,173.78,58.0,59.0,98.0,1.99
vostok,RU,1564801654.0,46.45,135.83,28.0,79.36,49.0,8.21
margate,AU,1564801655.0,-43.03,147.26,40.0,51.8,50.0,20.8
bathsheba,BB,1564801655.0,13.22,-59.52,20.0,82.4,74.0,24.16
tsihombe,,,,,,,,
te anau,NZ,1564801656.0,-45.41,167.72,100.0,42.46,88.0,9.86
olinda,AU,1564801656.0,-37.84,145.39,75.0,57.0,66.0,13.87
alakurtti,RU,1564801656.0,66.96,30.34,92.0,41.0,86.0,4.0
ayagoz,KZ,1564801656.0,47.96,80.43,94.0,75.94,48.0,6.17
binabalian,,,,,,,,
awjilah,LY,1564801657.0,29.14,21.3,0.0,79.0,51.0,11.83
marcona,,,,,,,,
bilma,NE,1564801657.0,18.69,12.92,92.0,88.9,41.0,17.52
lata,IN,1564801658.0,30.78,78.62,54.0,50.2,79.0,3.56
jalu,LY,1564801658.0,29.03,21.55,0.0,79.9,48.0,8.43
tirlyanskiy,RU,1564801658.0,54.22,58.58,100.0,46.24,97.0,6.55
parichha,IN,1564801659.0,25.52,78.75,100.0,87.28,62.0,2.28
dodola,BF,1564801659.0,10.12,-3.28,100.0,70.9,97.0,7.16
mayari,,,,,,,,
vera cruz,BR,1564801660.0,-12.96,-38.61,20.0,77.0,78.0,5.82
praya,ID,1564801660.0,-8.71,116.27,75.0,84.2,58.0,19.46
novobirilyussy,RU,1564801660.0,56.95,90.69,62.0,78.28,53.0,4.14
port blair,IN,1564801660.0,11.67,92.75,100.0,83.14,79.0,22.53
castlecomer,IE,1564801661.0,52.81,-7.21,100.0,61.0,94.0,4.0
buala,SB,1564801661.0,-8.15,159.59,100.0,82.6,74.0,10.8
ahumada,,,,,,,,
lavumisa,ZA,1564801662.0,-27.31,31.88,0.0,59.0,100.0,2.24
gayeri,BF,1564801662.0,12.65,0.49,94.0,77.92,73.0,12.84
nioro,GM,1564801662.0,13.79,-15.05,43.0,77.2,73.0,10.8
roebourne,AU,1564801663.0,-20.77,117.15,89.0,76.48,13.0,19.8
gravdal,NO,1564801663.0,59.79,5.78,0.0,61.0,82.0,2.24
vaitape,PF,1564801663.0,-16.52,-151.75,22.0,79.0,82.0,12.24
erenhot,CN,1564801664.0,43.65,111.97,0.0,87.46,19.0,3.13
gympie,AU,1564801664.0,-26.2,152.66,22.0,64.0,72.0,1.99
vikindu,TZ,1564801664.0,-6.98,39.3,23.0,67.12,97.0,1.79
sorong,ID,1564801664.0,-0.86,131.25,61.0,83.32,63.0,12.95
fuxin,CN,1564801665.0,42.02,121.65,100.0,69.1,92.0,10.16
richards bay,ZA,1564801665.0,-28.77,32.06,0.0,69.28,70.0,18.97
traralgon,AU,1564801665.0,-38.19,146.54,100.0,50.38,80.0,9.82
sabha,LY,1564801666.0,27.03,14.43,0.0,77.74,40.0,5.97
neutraubling,DE,1564801666.0,48.99,12.19,48.0,61.0,93.0,3.36
mehamn,NO,1564801666.0,71.03,27.85,75.0,42.8,87.0,2.24
ust-kamchatsk,,,,,,,,
qui nhon,,,,,,,,
gondal,IN,1564801667.0,21.96,70.8,75.0,82.0,94.0,10.29
valparaiso,US,1564801667.0,41.47,-87.06,1.0,73.0,100.0,4.18
surgut,RU,1564801668.0,61.25,73.4,0.0,64.4,82.0,8.95
oranjestad,AW,1564801596.0,12.52,-70.03,20.0,82.4,78.0,17.22
ouadda,CF,1564801668.0,8.07,22.4,100.0,66.4,95.0,1.14
payo,ID,1564801668.0,-3.75,103.64,0.0,80.8,36.0,3.87
kijang,KR,1564801669.0,35.24,129.21,0.0,93.2,49.0,5.82
padang,ID,1564801669.0,-0.92,100.36,41.0,80.26,76.0,2.44
kollumerland,,,,,,,,
looc,PH,1564801669.0,10.32,123.95,90.0,84.2,74.0,9.17
simao,CN,1564801670.0,22.76,100.79,6.0,81.16,60.0,3.15
nizhniy kuranakh,RU,1564801670.0,58.84,125.49,100.0,75.22,48.0,11.14
asau,,,,,,,,
shache,CN,1564801671.0,38.42,77.24,27.0,77.0,80.0,6.69
gorontalo,ID,1564801671.0,0.54,123.06,85.0,82.6,62.0,12.62
blackfoot,US,1564801671.0,43.19,-112.35,1.0,84.2,30.0,8.05
sidney,US,1564801671.0,47.72,-104.16,1.0,84.2,57.0,6.93
maumere,ID,1564801672.0,-8.63,122.22,97.0,82.06,50.0,10.11
sesheke,NA,1564801672.0,-17.47,24.29,0.0,55.4,62.0,3.36
voh,NC,1564801672.0,-20.95,164.69,0.0,69.28,64.0,22.64
basna,IN,1564801673.0,25.97,73.75,100.0,87.28,67.0,7.18
boulsa,BF,1564801673.0,12.66,-0.57,42.0,77.92,76.0,13.44
kenai,US,1564801674.0,60.55,-151.26,1.0,72.0,63.0,24.16
altay,CN,1564801674.0,47.83,88.13,63.0,73.96,33.0,3.02
saint-dizier,FR,1564801674.0,48.64,4.95,0.0,57.2,82.0,4.92
vagur,FO,1564801674.0,61.47,-6.81,100.0,54.16,82.0,7.02
bam,IR,1564801675.0,29.11,58.36,0.0,75.94,12.0,0.81
bubaque,GW,1564801675.0,11.28,-15.83,100.0,78.28,81.0,10.22
haines junction,CA,1564801675.0,60.75,-137.51,100.0,62.98,48.0,5.55
waw,,,,,,,,
korla,,,,,,,,
minsk,BY,1564801434.0,53.9,27.56,0.0,53.6,100.0,4.47
menongue,AO,1564801676.0,-14.66,17.68,0.0,50.2,24.0,4.03
svetlyy,,,,,,,,
krasnyy oktyabr,RU,1564801677.0,56.12,38.88,71.0,48.04,95.0,5.99
boddam,GB,1564801677.0,57.47,-1.78,0.0,55.99,100.0,1.12
the valley,AI,1564801677.0,18.22,-63.06,40.0,82.4,83.0,16.11
ondjiva,AO,1564801678.0,-17.07,15.73,31.0,49.48,19.0,2.53
kedrovyy,RU,1564801678.0,56.17,91.82,0.0,75.2,69.0,4.47
bereda,ES,1564801678.0,43.27,-7.54,11.0,63.0,100.0,4.7
knysna,ZA,1564801678.0,-34.04,23.05,0.0,50.0,66.0,5.82
phan thiet,VN,1564801679.0,10.93,108.1,99.0,74.5,88.0,12.28
chapar,,,,,,,,
bocas del toro,PA,1564801487.0,9.33,-82.25,100.0,59.0,61.0,4.0
tamale,GH,1564801679.0,9.4,-0.84,89.0,73.06,93.0,5.79
bad doberan,DE,1564801680.0,54.11,11.9,40.0,57.99,93.0,2.24
umzimvubu,,,,,,,,
svetlogorsk,RU,1564801680.0,53.14,59.15,40.0,55.4,76.0,13.42
lockhart,AU,1564801681.0,-35.22,146.72,90.0,51.8,100.0,6.93
cap malheureux,MU,1564801681.0,-19.98,57.61,75.0,66.99,93.0,11.41
reconquista,AR,1564801681.0,-29.14,-59.64,0.0,45.88,65.0,1.48
coari,BR,1564801681.0,-4.09,-63.14,100.0,80.08,70.0,2.06
airai,TL,1564801682.0,-8.93,125.41,20.0,82.78,41.0,1.07
perdoes,BR,1564801682.0,-21.09,-45.09,90.0,68.56,51.0,3.24
tenerife,CO,1564801682.0,9.9,-74.86,45.0,75.76,93.0,6.69
irtyshskiy,RU,1564801683.0,58.33,68.13,99.0,53.44,93.0,11.52
sangar,RU,1564801683.0,63.92,127.47,100.0,53.44,75.0,12.19
smithers,CA,1564801442.0,54.78,-127.17,20.0,73.4,35.0,3.36
severo-kurilsk,RU,1564801684.0,50.68,156.12,100.0,50.56,88.0,8.81
mercedes,UY,1564801684.0,-33.25,-58.03,0.0,46.0,69.0,4.0
bac lieu,,,,,,,,
varzea grande,BR,1564801685.0,-29.42,-50.86,75.0,50.0,71.0,6.93
nichinan,JP,1564801685.0,31.65,131.31,20.0,86.0,74.0,10.29
itaituba,BR,1564801685.0,-4.26,-55.99,0.0,75.58,56.0,1.48
tarko-sale,RU,1564801685.0,64.92,77.78,0.0,69.01,74.0,22.01
atar,MR,1564801686.0,20.52,-13.05,0.0,91.06,14.0,15.14
alihe,CN,1564801686.0,50.57,123.73,0.0,87.46,38.0,0.83
pingzhuang,,,,,,,,
maine-soroa,NE,1564801687.0,13.21,12.02,55.0,77.74,65.0,7.36
mglin,RU,1564801687.0,53.06,32.85,77.0,51.64,94.0,6.24
galveston,US,1564801687.0,40.58,-86.19,1.0,70.0,64.0,3.36
kallithea,GR,1564801687.0,37.96,23.7,0.0,82.99,69.0,4.74
trincomalee,LK,1564801688.0,8.58,81.23,100.0,85.66,55.0,10.78
evensk,RU,1564801688.0,61.92,159.24,100.0,56.86,50.0,2.98
sterling,US,1564801688.0,39.0,-77.4,40.0,78.01,73.0,6.93
bobcaygeon,CA,1564801689.0,44.54,-78.55,1.0,66.0,82.0,2.21
krasnoselkup,,,,,,,,
camana,,,,,,,,
araguacu,,,,,,,,
kloulklubed,PW,1564801690.0,7.04,134.26,75.0,84.2,74.0,19.46
kirovskiy,RU,1564801690.0,45.09,133.51,23.0,80.44,65.0,4.38
mitchell,US,1564801487.0,43.71,-98.03,90.0,69.8,83.0,8.05
helong,CN,1564801690.0,25.94,116.13,100.0,84.04,67.0,3.89
troitsko-pechorsk,RU,1564801691.0,62.71,56.19,100.0,53.62,97.0,7.72
kutum,SD,1564801691.0,14.2,24.66,33.0,71.26,72.0,9.89
havelock,US,1564801547.0,34.88,-76.9,75.0,78.01,88.0,3.36
terrace,CA,1564801691.0,54.52,-128.61,75.0,75.2,38.0,13.87
launceston,AU,1564801519.0,-41.43,147.14,40.0,57.99,58.0,6.93
nyrob,RU,1564801692.0,60.74,56.73,100.0,52.36,98.0,6.62
luanda,AO,1564801692.0,-8.83,13.24,75.0,68.0,100.0,4.7
tucuman,PE,1564801693.0,-17.17,-70.89,0.0,47.86,43.0,3.29
dobson,NZ,1564801693.0,-42.45,171.31,100.0,47.14,79.0,6.58
tateyama,JP,1564801693.0,36.66,137.31,20.0,97.0,66.0,9.17
aksarka,RU,1564801693.0,66.56,67.8,75.0,59.74,91.0,15.32
prince george,CA,1564801694.0,53.92,-122.75,90.0,57.2,71.0,8.05
rodeo,MX,1564801541.0,25.18,-104.56,0.0,74.5,34.0,7.56
giubiasco,CH,1564801694.0,46.17,9.01,40.0,66.0,100.0,10.07
tawkar,,,,,,,,
san policarpo,PH,1564801695.0,12.18,125.51,100.0,76.84,83.0,14.58
zamosc,PL,1564801695.0,50.72,23.25,0.0,59.0,87.0,2.24
rosarito,CO,1564801695.0,4.91,-75.23,75.0,75.2,73.0,4.7
vila velha,BR,1564801696.0,-3.71,-38.6,75.0,86.0,74.0,13.87
belyy yar,RU,1564801696.0,53.6,91.39,0.0,75.2,69.0,2.24
houston,US,1564801055.0,29.76,-95.37,75.0,87.01,62.0,5.82
guerrero negro,MX,1564801696.0,27.97,-114.04,37.0,67.84,87.0,16.78
sistranda,NO,1564801697.0,63.73,8.83,75.0,54.0,81.0,1.12
petropavlovsk-kamchatskiy,RU,1564801697.0,53.05,158.65,75.0,60.8,100.0,8.95
phalombe,MW,1564801697.0,-15.81,35.65,3.0,59.74,92.0,1.68
abomey,BJ,1564801698.0,7.18,1.99,90.0,71.08,96.0,6.89
altamira,BR,1564801698.0,-3.2,-52.21,50.0,77.56,71.0,2.15
torva,EE,1564801698.0,58.0,25.93,0.0,48.2,93.0,6.93
posse,BR,1564801699.0,-14.08,-46.36,2.0,70.72,45.0,4.88
bontang,ID,1564801699.0,0.12,117.47,44.0,86.92,54.0,4.47
mayo,CA,1564801699.0,63.59,-135.9,90.0,64.4,42.0,4.7
okha,RU,1564801700.0,53.59,142.95,99.0,58.12,84.0,4.5
puerto baquerizo moreno,EC,1564801700.0,-0.9,-89.6,100.0,67.48,86.0,9.15
adrar,DZ,1564801700.0,27.87,-0.29,40.0,100.4,9.0,6.93
surt,LY,1564801700.0,31.21,16.59,0.0,79.54,70.0,1.07
isla mujeres,MX,1564801701.0,21.23,-86.73,75.0,78.8,100.0,2.24
moussoro,TD,1564801701.0,13.64,16.49,91.0,80.08,65.0,4.32
lakes entrance,AU,1564801701.0,-37.88,147.99,100.0,57.99,61.0,3.0
sola,TZ,1564801702.0,-3.17,33.8,0.0,64.96,73.0,10.94
tianpeng,CN,1564801702.0,28.88,112.34,17.0,90.52,60.0,6.08
mount isa,AU,1564801702.0,-20.73,139.49,0.0,75.2,31.0,13.87
wasilla,US,1564801554.0,61.58,-149.44,75.0,73.0,56.0,5.82
